Workbook

Sheet issues
A1: Title | B1: Additional Body Text | C1: Label | D1: Group | E1: Assignee | F1: Average time (mins) | G1: 6.9 (mins) | H1: 6.10 (mins) | I1: 6.11 (mins) | J1: 6.12 (mints) | K1: 6.13 (mints)
A2: Manual Testing Sliceviewer | B2: https://developer.mantidproject.org/Testing/SliceViewer/SliceViewer.html | D2: G1 | E2: =VLOOKUP(D2,assignees!$G$2:$H$4,2,0) -> GuiMacielPereira, jhaigh0, cailafinn, thomashampson | F2: =AVERAGEIF(G2:M2, "<>0") -> 150 | H2: 150
A3: Manual Testing Engineering Diffraction | B3: https://developer.mantidproject.org/Testing/EngineeringDiffraction/EngineeringDiffractionTestGuide.html | D3: G2 | E3: =VLOOKUP(D3,assignees!$G$2:$H$4,2,0) -> SilkeSchomann, warunawickramasingha, jclarkeSTFC, adriazalvarez | F3: =AVERAGEIF(G3:M3, "<>0") -> 127.5 | G3: 150 | I3: 105
A4: Manual Testing Muon | B4: See instructions at: https://developer.mantidproject.org/Testing/MuonAnalysis_test_guides/index.html | D4: G3 | E4: =VLOOKUP(D4,assignees!$G$2:$H$4,2,0) -> MohamedAlmaki, MialLewis, sf1919 | F4: =AVERAGEIF(G4:M4, "<>0") -> 125.25 | G4: 111 | H4: 120 | I4: 150 | J4: 120
A5: Manual Testing Workbench Core | B5: https://developer.mantidproject.org/Testing/Core/Core.html | D5: G3 | E5: =VLOOKUP(D5,assignees!$G$2:$H$4,2,0) -> MohamedAlmaki, MialLewis, sf1919 | F5: =AVERAGEIF(G5:M5, "<>0") -> 83.333333 | H5: 120 | I5: 85 | J5: 45
A6: Manual Testing ISIS Reflectometry | B6: http://developer.mantidproject.org/Testing/ReflectometryGUI/ReflectometryGUITests.html | D6: G2 | E6: =VLOOKUP(D6,assignees!$G$2:$H$4,2,0) -> SilkeSchomann, warunawickramasingha, jclarkeSTFC, adriazalvarez | F6: =AVERAGEIF(G6:M6, "<>0") -> 78.75 | G6: 60 | H6: 105 | I6: 90 | J6: 60
A7: Manual Testing Inelastic interfaces | B7: Follow the directions at: * https://developer.mantidproject.org/Testing/Inelastic/BayesFittingTests.html * https://developer.mantidproject.org/Testing/Inelastic/CorrectionsTests.html * https://developer.mantidproject.org/Testing/Inelastic/QENSFittingTests.html * https://developer.mantidproject.org/Testing/Inelastic/DataProcessorTests.html | D7: G1 | E7: =VLOOKUP(D7,assignees!$G$2:$H$4,2,0) -> GuiMacielPereira, jhaigh0, cailafinn, thomashampson | F7: =AVERAGEIF(G7:M7, "<>0") -> 70 | H7: 30 | I7: 110
A8: Manual Testing ISIS SANS | B8: https://developer.mantidproject.org/Testing/SANSGUI/ISISSANSGUITests.html | D8: G1 | E8: =VLOOKUP(D8,assignees!$G$2:$H$4,2,0) -> GuiMacielPereira, jhaigh0, cailafinn, thomashampson | F8: =AVERAGEIF(G8:M8, "<>0") -> 63.333333 | G8: 67 | I8: 53 | J8: 70
A9: Manual Testing M-slice | B9: https://developer.mantidproject.org/Testing/Direct/MSliceTestGuide.html | D9: G2 | E9: =VLOOKUP(D9,assignees!$G$2:$H$4,2,0) -> SilkeSchomann, warunawickramasingha, jclarkeSTFC, adriazalvarez | F9: =AVERAGEIF(G9:M9, "<>0") -> 56.666667 | G9: 60 | H9: 60 | I9: 50
A10: Manual Testing Mantid Basics Course | B10: * Check the Qt-help docs, built into Workbench, against the online documentation * Open up the basic course: http://docs.mantidproject.org/tutorials/mantid_basic_course/index.html#mantid-basic-course * Check that the information and exercises are up to date and work in the Workbench release candidate | D10: G3 | E10: =VLOOKUP(D10,assignees!$G$2:$H$4,2,0) -> MohamedAlmaki, MialLewis, sf1919 | F10: =AVERAGEIF(G10:M10, "<>0") -> 53.333333 | G10: 60 | H10: 40 | I10: 60
A11: Manual Testing Project Recovery | B11: http://developer.mantidproject.org/Testing/ErrorReporter-ProjectRecovery/ProjectRecoveryTesting.html | D11: G3 | E11: =VLOOKUP(D11,assignees!$G$2:$H$4,2,0) -> MohamedAlmaki, MialLewis, sf1919 | F11: =AVERAGEIF(G11:M11, "<>0") -> 40.25 | G11: 50 | H11: 30 | I11: 36 | J11: 45
A12: Manual Testing Live Data ISIS | B12: https://developer.mantidproject.org/Testing/LiveData/LiveDataTests.html | D12: G2 | E12: =VLOOKUP(D12,assignees!$G$2:$H$4,2,0) -> SilkeSchomann, warunawickramasingha, jclarkeSTFC, adriazalvarez | F12: =AVERAGEIF(G12:M12, "<>0") -> 26.5 | G12: 22 | H12: 20 | I12: 20 | J12: 44
A13: Manual Testing Error Reporter | B13: http://developer.mantidproject.org/Testing/ErrorReporter-ProjectRecovery/ErrorReporterTesting.html | D13: G2 | E13: =VLOOKUP(D13,assignees!$G$2:$H$4,2,0) -> SilkeSchomann, warunawickramasingha, jclarkeSTFC, adriazalvarez | F13: =AVERAGEIF(G13:M13, "<>0") -> 24 | G13: 26 | H13: 20 | I13: 30 | J13: 20
A14: Manual Testing Indirect interfaces | B14: Follow the directions at: * https://developer.mantidproject.org/Testing/Indirect/DiffractionTests.html * https://developer.mantidproject.org/Testing/Indirect/DataReductionTests.html | D14: G1 | E14: =VLOOKUP(D14,assignees!$G$2:$H$4,2,0) -> GuiMacielPereira, jhaigh0, cailafinn, thomashampson | F14: =AVERAGEIF(G14:M14, "<>0") -> 23.666667 | G14: 11 | H14: 0 | I14: 45 | J14: 15
A15: Manual Testing Documentation | B15: Check Online Docs and the Qt-help docs built into MantidWorkbench (from the help droppdown menu) * Algorithm, fit, concept and api pages should be generated * Algorithm dialog snapshots should appear on algorithm pages in offline help * Math formulae should appear on algorithm pages in offline help * workflow diagrams should appear on algorithm pages in offline help You may wish to use this script ( [OpenMostDocumentationForTesting.py](https://github.com/mantidproject/mantid/blob/master/tools/scripts/OpenMostDocumentationForTesting.py) ) to open all the online docs pages! | D15: G2 | E15: =VLOOKUP(D15,assignees!$G$2:$H$4,2,0) -> SilkeSchomann, warunawickramasingha, jclarkeSTFC, adriazalvarez | F15: =AVERAGEIF(G15:M15, "<>0") -> 20 | H15: 20 | I15: 0
A16: Manual Testing Sample Transmission calculator | B16: Make sure that inputs and outputs work sensibly, stress test with some bad inputs (e.g. letters in a numeric input) See https://developer.mantidproject.org/Testing/General/SampleTransmissionCalculatorTestGuide.html | D16: G3 | E16: =VLOOKUP(D16,assignees!$G$2:$H$4,2,0) -> MohamedAlmaki, MialLewis, sf1919 | F16: =AVERAGEIF(G16:M16, "<>0") -> 19 | G16: 25 | H16: 10 | I16: 20 | J16: 21
A17: Manual Testing FilterEvents | B17: https://developer.mantidproject.org/Testing/Utility/FilterEventsInterfaceTest.html | D17: G3 | E17: =VLOOKUP(D17,assignees!$G$2:$H$4,2,0) -> MohamedAlmaki, MialLewis, sf1919 | F17: =AVERAGEIF(G17:M17, "<>0") -> 18.75 | G17: 15 | H17: 30 | I17: 15 | J17: 15
A18: Manual Testing ALF | B18: https://developer.mantidproject.org/Testing/Direct/ALFViewTests.html | D18: G2 | E18: =VLOOKUP(D18,assignees!$G$2:$H$4,2,0) -> SilkeSchomann, warunawickramasingha, jclarkeSTFC, adriazalvarez | F18: =AVERAGEIF(G18:M18, "<>0") -> 15.5 | G18: 10 | H18: 20 | I18: 17 | J18: 15
A19: Manual Testing Fit Script Generator | B19: https://docs.mantidproject.org/nightly/interfaces/general/Fit%20Script%20Generator.html | D19: G1 | E19: =VLOOKUP(D19,assignees!$G$2:$H$4,2,0) -> GuiMacielPereira, jhaigh0, cailafinn, thomashampson | F19: =AVERAGEIF(G19:M19, "<>0") -> 13.333333 | G19: 10 | I19: 15 | J19: 15
A20: Manual Testing TOFConverter | B20: Make sure that inputs and outputs work sensibly, stress test with some bad inputs (e.g. letters in a numeric input) https://docs.mantidproject.org/interfaces/utility/TOF%20Converter.html | D20: G1 | E20: =VLOOKUP(D20,assignees!$G$2:$H$4,2,0) -> GuiMacielPereira, jhaigh0, cailafinn, thomashampson | F20: =AVERAGEIF(G20:M20, "<>0") -> 11.666667 | H20: 10 | I20: 15 | J20: 10

Sheet assignees
A1: Login | B1: No Assigned | F1: v6.13 Groups | G1: Group ID | H1: Github Users
A2: cailafinn | B2: =COUNTIF(issues!$E$2:$E$20,"*"&A2&"*") -> 6 | F2: Group 1: Gui(linux*), Jonathan(IDaaS), Caila(OSX)*, Tom(Windows*) | G2: G1 | H2: GuiMacielPereira, jhaigh0, cailafinn, thomashampson
A3: MohamedAlmaki | B3: =COUNTIF(issues!$E$2:$E$20,"*"&A3&"*") -> 6 | F3: Group 2: Silke(IDAaaS+), Waruna(Windows), James(OSX)*, Adrian(Windows*) | G3: G2 | H3: SilkeSchomann, warunawickramasingha, jclarkeSTFC, adriazalvarez
A4: adriazalvarez | B4: =COUNTIF(issues!$E$2:$E$20,"*"&A4&"*") -> 7 | F4: Group 3: Mohammed(linux), Mial(OSX), Sarah(IDAaaS), Jack(Windows*) | G4: G3 | H4: MohamedAlmaki, MialLewis, sf1919
A5: jclarkeSTFC | B5: =COUNTIF(issues!$E$2:$E$20,"*"&A5&"*") -> 7
A6: GuiMacielPereira | B6: =COUNTIF(issues!$E$2:$E$20,"*"&A6&"*") -> 6
A7: thomashampson | B7: =COUNTIF(issues!$E$2:$E$20,"*"&#REF!&"*") -> 0
A8: warunawickramasingha | B8: =COUNTIF(issues!$E$2:$E$20,"*"&A8&"*") -> 7
A9: jhaigh0 | B9: =COUNTIF(issues!$E$2:$E$20,"*"&A9&"*") -> 6
A10: SilkeSchomann | B10: =COUNTIF(issues!$E$2:$E$20,"*"&A10&"*") -> 7
A11: sf1919 | B11: =COUNTIF(issues!$E$2:$E$20,"*"&A11&"*") -> 6
A12: MialLewis | B12: =COUNTIF(issues!$E$2:$E$20,"*"&#REF!&"*") -> 0
A13: JackEAllen
F20: v6.12 Groups | H20: total time | J20: Conda | K20: GPU IDAaaS
F21: Group 1: James(OSX)*, Gui(linux), Jonathan(IDaaS), Despina(Windows) | G21: jclarkeSTFC, GuiMacielPereira, jhaigh0, Despiix | H21: 243 | I21: =H21-$H$25 -> -16.5 | J21: Gui | K21: Jonathan
F22: Group 2: Caila(OSX)*, Waruna(IDaaS), Rob(linux), Tom(Windows) | G22: cailafinn, warunawickramasingha, robertapplin, thomashampson | H22: =223+18 -> 241 | I22: =H22-$H$25 -> -18.5 | J22: Waruna
F23: Group 3: Rachel(IDAaaS)*, Adrian(Windows), Mohammed(linux), Mial(OSX), ILL(linux) | G23: rbauststfc, adriazalvarez, MohamedAlmaki, MialLewis | H23: =303-18 -> 285 | I23: =H23-$H$25 -> 25.5 | J23: Adrian | K23: Rachel
F24: Group 4: Richard(IDAaaS)*, Yusuf(linux), Silke(OSX), Andy(Windows) | G24: RichardWaiteSTFC, yusufjimoh, SilkeSchomann, andy-bridger | H24: 269 | I24: =H24-$H$25 -> 9.5 | J24: Silke
H25: =AVERAGE(H21:H24) -> 259.5
